{
  "scene": {"width":480,"height":360,"origin":{"x":0,"y":0},"background":"bg1.png"},
  "sprites":[
    {
      "name":"Kotek",
      "costumes":["cat1.png","cat2.png"],
      "sounds":["meow.mp3"],
      "scripts":[
        {"event":"flag_clicked","blocks":[
           {"type":"control_forever","body":[
              {"type":"sensing_key_pressed","key":"right","then":[{"type":"motion_move","steps":10}]}
           ]}
        ]}
      ]
    }
  ],
  "meta": {
    "share_url_premium_template": "https://create.example.com/game/{slug}",
    "share_url_free_template": "https://create.example.com/game/{random_id}"
  }
}